,MetroArea,date,values
0,AUSPOP,1977-04-01,39.16
1,AUSPOP,1977-07-01,40.65
2,AUSPOP,1977-10-01,43.24
3,AUSPOP,1978-01-01,44.35
4,AUSPOP,1978-04-01,46.47
5,AUSPOP,1978-07-01,48.1
6,AUSPOP,1978-10-01,49.38
7,AUSPOP,1979-01-01,52.29
8,AUSPOP,1979-04-01,52.66
9,AUSPOP,1979-07-01,55.95
10,AUSPOP,1979-10-01,59.22
11,AUSPOP,1980-01-01,58.41
12,AUSPOP,1980-04-01,63.7
13,AUSPOP,1980-07-01,60.54
14,AUSPOP,1980-10-01,61.54
15,AUSPOP,1981-01-01,63.54
16,AUSPOP,1981-04-01,66.63
17,AUSPOP,1981-07-01,68.58
18,AUSPOP,1981-10-01,57.47
19,AUSPOP,1982-01-01,69.24
20,AUSPOP,1982-04-01,64.23
21,AUSPOP,1982-07-01,62.53
22,AUSPOP,1982-10-01,72.84
23,AUSPOP,1983-01-01,74.32
24,AUSPOP,1983-04-01,77.35
25,AUSPOP,1983-07-01,78.07
26,AUSPOP,1983-10-01,81.34
27,AUSPOP,1984-01-01,82.55
28,AUSPOP,1984-04-01,86.27
29,AUSPOP,1984-07-01,89.86
30,AUSPOP,1984-10-01,91.49
31,AUSPOP,1985-01-01,93.47
32,AUSPOP,1985-04-01,96.79
33,AUSPOP,1985-07-01,96.5
34,AUSPOP,1985-10-01,96.55
35,AUSPOP,1986-01-01,97.07
36,AUSPOP,1986-04-01,98.66
37,AUSPOP,1986-07-01,97.72
38,AUSPOP,1986-10-01,95.73
39,AUSPOP,1987-01-01,93.33
40,AUSPOP,1987-04-01,91.71
41,AUSPOP,1987-07-01,85.06
42,AUSPOP,1987-10-01,81.37
43,AUSPOP,1988-01-01,79.24
44,AUSPOP,1988-04-01,91.47
45,AUSPOP,1988-07-01,75.32
46,AUSPOP,1988-10-01,73.77
47,AUSPOP,1989-01-01,73.36
48,AUSPOP,1989-04-01,72.98
49,AUSPOP,1989-07-01,73.99
50,AUSPOP,1989-10-01,73.01
51,AUSPOP,1990-01-01,72.77
52,AUSPOP,1990-04-01,73.15
53,AUSPOP,1990-07-01,72.77
54,AUSPOP,1990-10-01,72.99
55,AUSPOP,1991-01-01,75.08
56,AUSPOP,1991-04-01,76.81
57,AUSPOP,1991-07-01,77.95
58,AUSPOP,1991-10-01,78.38
59,AUSPOP,1992-01-01,80.29
60,AUSPOP,1992-04-01,82.15
61,AUSPOP,1992-07-01,84.43
62,AUSPOP,1992-10-01,85.66
63,AUSPOP,1993-01-01,87.78
64,AUSPOP,1993-04-01,89.84
65,AUSPOP,1993-07-01,93.05
66,AUSPOP,1993-10-01,94.96
67,AUSPOP,1994-01-01,97.2
68,AUSPOP,1994-04-01,99.84
69,AUSPOP,1994-07-01,100.34
70,AUSPOP,1994-10-01,100.25
71,AUSPOP,1995-01-01,100.00
72,AUSPOP,1995-04-01,102.2
73,AUSPOP,1995-07-01,104.16
74,AUSPOP,1995-10-01,105.03
75,AUSPOP,1996-01-01,105.87
76,AUSPOP,1996-04-01,106.2
77,AUSPOP,1996-07-01,106.23
78,AUSPOP,1996-10-01,107.24
79,AUSPOP,1997-01-01,106.89
80,AUSPOP,1997-04-01,107.13
81,AUSPOP,1997-07-01,107.3
82,AUSPOP,1997-10-01,109.1
83,AUSPOP,1998-01-01,110.54
84,AUSPOP,1998-04-01,111.54
85,AUSPOP,1998-07-01,113.2
86,AUSPOP,1998-10-01,114.68
87,AUSPOP,1999-01-01,116.18
88,AUSPOP,1999-04-01,119.73
89,AUSPOP,1999-07-01,123.19
90,AUSPOP,1999-10-01,126.42
91,AUSPOP,2000-01-01,130.13
92,AUSPOP,2000-04-01,135.38
93,AUSPOP,2000-07-01,140
94,AUSPOP,2000-10-01,142.2
95,AUSPOP,2001-01-01,147.87
96,AUSPOP,2001-04-01,150.02
97,AUSPOP,2001-07-01,149.61
98,AUSPOP,2001-10-01,150.42
99,AUSPOP,2002-01-01,150.08
100,AUSPOP,2002-04-01,150.44
101,AUSPOP,2002-07-01,152.82
102,AUSPOP,2002-10-01,153.43
103,AUSPOP,2003-01-01,153.38
104,AUSPOP,2003-04-01,153.39
105,AUSPOP,2003-07-01,152.27
106,AUSPOP,2003-10-01,153.03
107,AUSPOP,2004-01-01,153.22
108,AUSPOP,2004-04-01,153.9
109,AUSPOP,2004-07-01,154.01
110,AUSPOP,2004-10-01,156.36
111,AUSPOP,2005-01-01,157.37
112,AUSPOP,2005-04-01,160.72
113,AUSPOP,2005-07-01,163.74
114,AUSPOP,2005-10-01,165.8
115,AUSPOP,2006-01-01,167.92
116,AUSPOP,2006-04-01,173.41
117,AUSPOP,2006-07-01,176.97
118,AUSPOP,2006-10-01,180.49
119,AUSPOP,2007-01-01,184.75
120,AUSPOP,2007-04-01,190.18
121,AUSPOP,2007-07-01,192.04
122,AUSPOP,2007-10-01,193.64
123,AUSPOP,2008-01-01,196.92
124,AUSPOP,2008-04-01,198
125,AUSPOP,2008-07-01,197.45
126,AUSPOP,2008-10-01,197.97
127,AUSPOP,2009-01-01,198.38
128,AUSPOP,2009-04-01,196.26
129,AUSPOP,2009-07-01,194.71
130,AUSPOP,2009-10-01,194.25
131,AUSPOP,2010-01-01,193.42
132,AUSPOP,2010-04-01,193.25
133,AUSPOP,2010-07-01,194.78
134,AUSPOP,2010-10-01,193.4
135,AUSPOP,2011-01-01,189.5
136,AUSPOP,2011-04-01,189.94
137,AUSPOP,2011-07-01,191.84
138,AUSPOP,2011-10-01,193.9
139,AUSPOP,2012-01-01,193.41
140,AUSPOP,2012-04-01,195.23
141,AUSPOP,2012-07-01,198.35
142,AUSPOP,2012-10-01,200.95
143,AUSPOP,2013-01-01,204.21
144,AUSPOP,2013-04-01,210.14
145,AUSPOP,2013-07-01,216.7
146,AUSPOP,2013-10-01,220.86
147,AUSPOP,2014-01-01,225.94
148,AUSPOP,2014-04-01,236.94
149,AUSPOP,2014-07-01,242.35
150,AUSPOP,2014-10-01,244.72
151,AUSPOP,2015-01-01,248.8
152,AUSPOP,2015-04-01,258.47
153,AUSPOP,2015-07-01,266.18
154,AUSPOP,2015-10-01,266.86
155,AUSPOP,2016-01-01,273.14
156,AUSPOP,2016-04-01,281.23
157,AUSPOP,2016-07-01,287.5
158,AUSPOP,2016-10-01,288.69
159,AUSPOP,2017-01-01,293.5
160,AUSPOP,2017-04-01,302.92
161,AUSPOP,2017-07-01,305.94
162,AUSPOP,2017-10-01,307.69
163,AUSPOP,2018-01-01,311.85
164,AUSPOP,2018-04-01,319.83
165,AUSPOP,2018-07-01,323.46
166,AUSPOP,2018-10-01,323.89
167,AUSPOP,2019-01-01,331.89
168,AUSPOP,2019-04-01,339.2
169,AUSPOP,2019-07-01,343.72
170,AUSPOP,2019-10-01,347.06
171,AUSPOP,2020-01-01,352.99
172,AUSPOP,2020-04-01,358.1
173,AUSPOP,2020-07-01,364.84
174,AUSPOP,2020-10-01,376.95
175,AUSPOP,2021-01-01,393.42
176,AUSPOP,2021-04-01,437.48
177,HTNPOP,1976-01-01,51.88
178,HTNPOP,1976-04-01,58.67
179,HTNPOP,1976-07-01,58.61
180,HTNPOP,1976-10-01,58.18
181,HTNPOP,1977-01-01,60.42
182,HTNPOP,1977-04-01,66.82
183,HTNPOP,1977-07-01,64.57
184,HTNPOP,1977-10-01,68.1
185,HTNPOP,1978-01-01,70
186,HTNPOP,1978-04-01,75.23
187,HTNPOP,1978-07-01,73.68
188,HTNPOP,1978-10-01,77.25
189,HTNPOP,1979-01-01,80.63
190,HTNPOP,1979-04-01,84.83
191,HTNPOP,1979-07-01,86.09
192,HTNPOP,1979-10-01,86.74
193,HTNPOP,1980-01-01,88.97
194,HTNPOP,1980-04-01,92.79
195,HTNPOP,1980-07-01,91.54
196,HTNPOP,1980-10-01,93.38
197,HTNPOP,1981-01-01,90.19
198,HTNPOP,1981-04-01,96.17
199,HTNPOP,1981-07-01,98.18
200,HTNPOP,1981-10-01,100.87
201,HTNPOP,1982-01-01,106.97
202,HTNPOP,1982-04-01,107.9
203,HTNPOP,1982-07-01,106.39
204,HTNPOP,1982-10-01,108.12
205,HTNPOP,1983-01-01,108.08
206,HTNPOP,1983-04-01,108.88
207,HTNPOP,1983-07-01,108
208,HTNPOP,1983-10-01,107.05
209,HTNPOP,1984-01-01,103.81
210,HTNPOP,1984-04-01,103.78
211,HTNPOP,1984-07-01,104.32
212,HTNPOP,1984-10-01,101.6
213,HTNPOP,1985-01-01,98.27
214,HTNPOP,1985-04-01,96.31
215,HTNPOP,1985-07-01,94.41
216,HTNPOP,1985-10-01,92.18
217,HTNPOP,1986-01-01,93.46
218,HTNPOP,1986-04-01,94.68
219,HTNPOP,1986-07-01,92.81
220,HTNPOP,1986-10-01,88.67
221,HTNPOP,1987-01-01,88.38
222,HTNPOP,1987-04-01,86.92
223,HTNPOP,1987-07-01,84.1
224,HTNPOP,1987-10-01,81.91
225,HTNPOP,1988-01-01,82.24
226,HTNPOP,1988-04-01,84.63
227,HTNPOP,1988-07-01,85.45
228,HTNPOP,1988-10-01,86
229,HTNPOP,1989-01-01,86.72
230,HTNPOP,1989-04-01,88.87
231,HTNPOP,1989-07-01,90.69
232,HTNPOP,1989-10-01,91.34
233,HTNPOP,1990-01-01,91.95
234,HTNPOP,1990-04-01,92.98
235,HTNPOP,1990-07-01,94.29
236,HTNPOP,1990-10-01,94.03
237,HTNPOP,1991-01-01,95.01
238,HTNPOP,1991-04-01,95.92
239,HTNPOP,1991-07-01,96.56
240,HTNPOP,1991-10-01,97.67
241,HTNPOP,1992-01-01,99.29
242,HTNPOP,1992-04-01,98.83
243,HTNPOP,1992-07-01,100.5
244,HTNPOP,1992-10-01,100.46
245,HTNPOP,1993-01-01,100.78
246,HTNPOP,1993-04-01,101.35
247,HTNPOP,1993-07-01,102.14
248,HTNPOP,1993-10-01,102.72
249,HTNPOP,1994-01-01,102.58
250,HTNPOP,1994-04-01,101.92
251,HTNPOP,1994-07-01,101.87
252,HTNPOP,1994-10-01,100.39
253,HTNPOP,1995-01-01,100.00
254,HTNPOP,1995-04-01,101.73
255,HTNPOP,1995-07-01,102.56
256,HTNPOP,1995-10-01,102.77
257,HTNPOP,1996-01-01,104.31
258,HTNPOP,1996-04-01,103.83
259,HTNPOP,1996-07-01,104.08
260,HTNPOP,1996-10-01,104.63
261,HTNPOP,1997-01-01,104.59
262,HTNPOP,1997-04-01,106.1
263,HTNPOP,1997-07-01,107.1
264,HTNPOP,1997-10-01,108.18
265,HTNPOP,1998-01-01,110.72
266,HTNPOP,1998-04-01,111.88
267,HTNPOP,1998-07-01,113.88
268,HTNPOP,1998-10-01,115.42
269,HTNPOP,1999-01-01,116.86
270,HTNPOP,1999-04-01,119.68
271,HTNPOP,1999-07-01,122.63
272,HTNPOP,1999-10-01,124.84
273,HTNPOP,2000-01-01,126.5
274,HTNPOP,2000-04-01,128.49
275,HTNPOP,2000-07-01,130.2
276,HTNPOP,2000-10-01,131.14
277,HTNPOP,2001-01-01,135.41
278,HTNPOP,2001-04-01,136.83
279,HTNPOP,2001-07-01,138.62
280,HTNPOP,2001-10-01,139.98
281,HTNPOP,2002-01-01,140.72
282,HTNPOP,2002-04-01,142.46
283,HTNPOP,2002-07-01,144.25
284,HTNPOP,2002-10-01,146.25
285,HTNPOP,2003-01-01,147.29
286,HTNPOP,2003-04-01,148.24
287,HTNPOP,2003-07-01,149.11
288,HTNPOP,2003-10-01,150.66
289,HTNPOP,2004-01-01,152.14
290,HTNPOP,2004-04-01,153.56
291,HTNPOP,2004-07-01,155.56
292,HTNPOP,2004-10-01,156.62
293,HTNPOP,2005-01-01,158.84
294,HTNPOP,2005-04-01,160.24
295,HTNPOP,2005-07-01,162.38
296,HTNPOP,2005-10-01,165.19
297,HTNPOP,2006-01-01,167.46
298,HTNPOP,2006-04-01,169.99
299,HTNPOP,2006-07-01,172.36
300,HTNPOP,2006-10-01,173.79
301,HTNPOP,2007-01-01,176
302,HTNPOP,2007-04-01,179.09
303,HTNPOP,2007-07-01,179.67
304,HTNPOP,2007-10-01,180.82
305,HTNPOP,2008-01-01,182.94
306,HTNPOP,2008-04-01,183.47
307,HTNPOP,2008-07-01,184.52
308,HTNPOP,2008-10-01,184.26
309,HTNPOP,2009-01-01,186.66
310,HTNPOP,2009-04-01,185.28
311,HTNPOP,2009-07-01,184.25
312,HTNPOP,2009-10-01,183.85
313,HTNPOP,2010-01-01,182.52
314,HTNPOP,2010-04-01,182.96
315,HTNPOP,2010-07-01,183.61
316,HTNPOP,2010-10-01,183.35
317,HTNPOP,2011-01-01,179.97
318,HTNPOP,2011-04-01,179.49
319,HTNPOP,2011-07-01,181.02
320,HTNPOP,2011-10-01,181.77
321,HTNPOP,2012-01-01,182.75
322,HTNPOP,2012-04-01,185.31
323,HTNPOP,2012-07-01,186.97
324,HTNPOP,2012-10-01,188.63
325,HTNPOP,2013-01-01,190.8
326,HTNPOP,2013-04-01,194.72
327,HTNPOP,2013-07-01,199.46
328,HTNPOP,2013-10-01,204.11
329,HTNPOP,2014-01-01,208.15
330,HTNPOP,2014-04-01,215.65
331,HTNPOP,2014-07-01,223.09
332,HTNPOP,2014-10-01,226.62
333,HTNPOP,2015-01-01,229.41
334,HTNPOP,2015-04-01,235.78
335,HTNPOP,2015-07-01,238.96
336,HTNPOP,2015-10-01,239.61
337,HTNPOP,2016-01-01,240.17
338,HTNPOP,2016-04-01,245.43
339,HTNPOP,2016-07-01,248.3
340,HTNPOP,2016-10-01,249.04
341,HTNPOP,2017-01-01,251.4
342,HTNPOP,2017-04-01,256.28
343,HTNPOP,2017-07-01,257.41
344,HTNPOP,2017-10-01,260.25
345,HTNPOP,2018-01-01,262.52
346,HTNPOP,2018-04-01,267.25
347,HTNPOP,2018-07-01,270.7
348,HTNPOP,2018-10-01,270.63
349,HTNPOP,2019-01-01,273.63
350,HTNPOP,2019-04-01,277.44
351,HTNPOP,2019-07-01,280.36
352,HTNPOP,2019-10-01,281.23
353,HTNPOP,2020-01-01,285.54
354,HTNPOP,2020-04-01,289.22
355,HTNPOP,2020-07-01,290.93
356,HTNPOP,2020-10-01,294.84
357,HTNPOP,2021-01-01,297.97
358,HTNPOP,2021-04-01,310.36
359,DFWPOP,1975-10-01,40.92
360,DFWPOP,1976-01-01,39.82
361,DFWPOP,1976-04-01,45.34
362,DFWPOP,1976-07-01,42.35
363,DFWPOP,1976-10-01,42.1
364,DFWPOP,1977-01-01,44.72
365,DFWPOP,1977-04-01,51.57
366,DFWPOP,1977-07-01,47.09
367,DFWPOP,1977-10-01,49.38
368,DFWPOP,1978-01-01,51.82
369,DFWPOP,1978-04-01,56.68
370,DFWPOP,1978-07-01,58.09
371,DFWPOP,1978-10-01,60.16
372,DFWPOP,1979-01-01,62.21
373,DFWPOP,1979-04-01,67.78
374,DFWPOP,1979-07-01,69.25
375,DFWPOP,1979-10-01,71.91
376,DFWPOP,1980-01-01,74.74
377,DFWPOP,1980-04-01,76.03
378,DFWPOP,1980-07-01,78.24
379,DFWPOP,1980-10-01,79.77
380,DFWPOP,1981-01-01,81.84
381,DFWPOP,1981-04-01,83.59
382,DFWPOP,1981-07-01,84.89
383,DFWPOP,1981-10-01,78.05
384,DFWPOP,1982-01-01,87.6
385,DFWPOP,1982-04-01,82.13
386,DFWPOP,1982-07-01,85.31
387,DFWPOP,1982-10-01,87.54
388,DFWPOP,1983-01-01,91.4
389,DFWPOP,1983-04-01,93.1
390,DFWPOP,1983-07-01,94.65
391,DFWPOP,1983-10-01,97.05
392,DFWPOP,1984-01-01,97.48
393,DFWPOP,1984-04-01,99.34
394,DFWPOP,1984-07-01,101.72
395,DFWPOP,1984-10-01,101.96
396,DFWPOP,1985-01-01,102.52
397,DFWPOP,1985-04-01,104.8
398,DFWPOP,1985-07-01,105.87
399,DFWPOP,1985-10-01,106.23
400,DFWPOP,1986-01-01,106.7
401,DFWPOP,1986-04-01,109.13
402,DFWPOP,1986-07-01,108.02
403,DFWPOP,1986-10-01,107.51
404,DFWPOP,1987-01-01,107.09
405,DFWPOP,1987-04-01,102.85
406,DFWPOP,1987-07-01,102.13
407,DFWPOP,1987-10-01,99.07
408,DFWPOP,1988-01-01,98.62
409,DFWPOP,1988-04-01,98.41
410,DFWPOP,1988-07-01,95.85
411,DFWPOP,1988-10-01,94.36
412,DFWPOP,1989-01-01,93.6
413,DFWPOP,1989-04-01,93.92
414,DFWPOP,1989-07-01,95.58
415,DFWPOP,1989-10-01,95.05
416,DFWPOP,1990-01-01,94.41
417,DFWPOP,1990-04-01,94.95
418,DFWPOP,1990-07-01,95.15
419,DFWPOP,1990-10-01,94.43
420,DFWPOP,1991-01-01,95.64
421,DFWPOP,1991-04-01,96.2
422,DFWPOP,1991-07-01,95.57
423,DFWPOP,1991-10-01,97.22
424,DFWPOP,1992-01-01,98.44
425,DFWPOP,1992-04-01,97.53
426,DFWPOP,1992-07-01,99.15
427,DFWPOP,1992-10-01,99.25
428,DFWPOP,1993-01-01,99.1
429,DFWPOP,1993-04-01,99.95
430,DFWPOP,1993-07-01,100.5
431,DFWPOP,1993-10-01,101.21
432,DFWPOP,1994-01-01,101.41
433,DFWPOP,1994-04-01,100.82
434,DFWPOP,1994-07-01,100.51
435,DFWPOP,1994-10-01,100.07
436,DFWPOP,1995-01-01,100.00
437,DFWPOP,1995-04-01,101.53
438,DFWPOP,1995-07-01,103.26
439,DFWPOP,1995-10-01,104
440,DFWPOP,1996-01-01,104.99
441,DFWPOP,1996-04-01,104.88
442,DFWPOP,1996-07-01,105.72
443,DFWPOP,1996-10-01,106.07
444,DFWPOP,1997-01-01,106.95
445,DFWPOP,1997-04-01,107.76
446,DFWPOP,1997-07-01,108.79
447,DFWPOP,1997-10-01,110.37
448,DFWPOP,1998-01-01,112.15
449,DFWPOP,1998-04-01,112.93
450,DFWPOP,1998-07-01,115.27
451,DFWPOP,1998-10-01,116.74
452,DFWPOP,1999-01-01,117.74
453,DFWPOP,1999-04-01,120.21
454,DFWPOP,1999-07-01,121.89
455,DFWPOP,1999-10-01,123.47
456,DFWPOP,2000-01-01,125.83
457,DFWPOP,2000-04-01,127.65
458,DFWPOP,2000-07-01,129.33
459,DFWPOP,2000-10-01,131.04
460,DFWPOP,2001-01-01,134.53
461,DFWPOP,2001-04-01,136.55
462,DFWPOP,2001-07-01,137.76
463,DFWPOP,2001-10-01,139.51
464,DFWPOP,2002-01-01,140.1
465,DFWPOP,2002-04-01,141.29
466,DFWPOP,2002-07-01,143.42
467,DFWPOP,2002-10-01,144.45
468,DFWPOP,2003-01-01,145.11
469,DFWPOP,2003-04-01,145.87
470,DFWPOP,2003-07-01,146.47
471,DFWPOP,2003-10-01,147.05
472,DFWPOP,2004-01-01,147.92
473,DFWPOP,2004-04-01,148.89
474,DFWPOP,2004-07-01,149.49
475,DFWPOP,2004-10-01,150.97
476,DFWPOP,2005-01-01,151.65
477,DFWPOP,2005-04-01,153.27
478,DFWPOP,2005-07-01,154.95
479,DFWPOP,2005-10-01,155.78
480,DFWPOP,2006-01-01,156.89
481,DFWPOP,2006-04-01,157.99
482,DFWPOP,2006-07-01,159.06
483,DFWPOP,2006-10-01,160.22
484,DFWPOP,2007-01-01,161.57
485,DFWPOP,2007-04-01,164.31
486,DFWPOP,2007-07-01,162.99
487,DFWPOP,2007-10-01,163.97
488,DFWPOP,2008-01-01,165.28
489,DFWPOP,2008-04-01,165.06
490,DFWPOP,2008-07-01,164.28
491,DFWPOP,2008-10-01,165.02
492,DFWPOP,2009-01-01,167.36
493,DFWPOP,2009-04-01,165.52
494,DFWPOP,2009-07-01,162.56
495,DFWPOP,2009-10-01,162.85
496,DFWPOP,2010-01-01,162.3
497,DFWPOP,2010-04-01,162.32
498,DFWPOP,2010-07-01,163.4
499,DFWPOP,2010-10-01,162.31
500,DFWPOP,2011-01-01,159.4
501,DFWPOP,2011-04-01,157.88
502,DFWPOP,2011-07-01,160.18
503,DFWPOP,2011-10-01,159.72
504,DFWPOP,2012-01-01,159.49
505,DFWPOP,2012-04-01,160.11
506,DFWPOP,2012-07-01,161.61
507,DFWPOP,2012-10-01,163.21
508,DFWPOP,2013-01-01,164.46
509,DFWPOP,2013-04-01,168.51
510,DFWPOP,2013-07-01,172.12
511,DFWPOP,2013-10-01,174.27
512,DFWPOP,2014-01-01,178
513,DFWPOP,2014-04-01,183.77
514,DFWPOP,2014-07-01,187.44
515,DFWPOP,2014-10-01,189.58
516,DFWPOP,2015-01-01,194.23
517,DFWPOP,2015-04-01,200.9
518,DFWPOP,2015-07-01,206.59
519,DFWPOP,2015-10-01,209.27
520,DFWPOP,2016-01-01,213.84
521,DFWPOP,2016-04-01,221.84
522,DFWPOP,2016-07-01,226.44
523,DFWPOP,2016-10-01,230.61
524,DFWPOP,2017-01-01,235.63
525,DFWPOP,2017-04-01,244.91
526,DFWPOP,2017-07-01,249.46
527,DFWPOP,2017-10-01,252.02
528,DFWPOP,2018-01-01,256.03
529,DFWPOP,2018-04-01,261.21
530,DFWPOP,2018-07-01,264.18
531,DFWPOP,2018-10-01,264.56
532,DFWPOP,2019-01-01,267.04
533,DFWPOP,2019-04-01,271.6
534,DFWPOP,2019-07-01,274.3
535,DFWPOP,2019-10-01,275.97
536,DFWPOP,2020-01-01,277.92
537,DFWPOP,2020-04-01,279.14
538,DFWPOP,2020-07-01,283.73
539,DFWPOP,2020-10-01,289.55
540,DFWPOP,2021-01-01,295.7
541,DFWPOP,2021-04-01,314.47
542,SATPOP,1979-04-01,65.33
543,SATPOP,1979-07-01,66.84
544,SATPOP,1979-10-01,70.28
545,SATPOP,1980-01-01,73.65
546,SATPOP,1980-04-01,76.51
547,SATPOP,1980-07-01,73.24
548,SATPOP,1980-10-01,73.61
549,SATPOP,1981-01-01,77.52
550,SATPOP,1981-04-01,77.67
551,SATPOP,1981-07-01,84.06
552,SATPOP,1981-10-01,99.86
553,SATPOP,1982-01-01,100.37
554,SATPOP,1982-04-01,88.4
555,SATPOP,1982-07-01,86.99
556,SATPOP,1982-10-01,84.92
557,SATPOP,1983-01-01,91.2
558,SATPOP,1983-04-01,94.92
559,SATPOP,1983-07-01,96.5
560,SATPOP,1983-10-01,94.98
561,SATPOP,1984-01-01,93.96
562,SATPOP,1984-04-01,97.18
563,SATPOP,1984-07-01,108.68
564,SATPOP,1984-10-01,108.86
565,SATPOP,1985-01-01,95.52
566,SATPOP,1985-04-01,99.04
567,SATPOP,1985-07-01,97.92
568,SATPOP,1985-10-01,99.74
569,SATPOP,1986-01-01,102.85
570,SATPOP,1986-04-01,103.69
571,SATPOP,1986-07-01,102.81
572,SATPOP,1986-10-01,101.33
573,SATPOP,1987-01-01,100.7
574,SATPOP,1987-04-01,99.11
575,SATPOP,1987-07-01,95.78
576,SATPOP,1987-10-01,90.66
577,SATPOP,1988-01-01,88.16
578,SATPOP,1988-04-01,89.68
579,SATPOP,1988-07-01,88.17
580,SATPOP,1988-10-01,85.66
581,SATPOP,1989-01-01,83.8
582,SATPOP,1989-04-01,83.7
583,SATPOP,1989-07-01,87.06
584,SATPOP,1989-10-01,84.81
585,SATPOP,1990-01-01,83.14
586,SATPOP,1990-04-01,82.59
587,SATPOP,1990-07-01,85.18
588,SATPOP,1990-10-01,83.93
589,SATPOP,1991-01-01,84.17
590,SATPOP,1991-04-01,85.33
591,SATPOP,1991-07-01,85.79
592,SATPOP,1991-10-01,86.82
593,SATPOP,1992-01-01,89.06
594,SATPOP,1992-04-01,89.74
595,SATPOP,1992-07-01,90.9
596,SATPOP,1992-10-01,92.22
597,SATPOP,1993-01-01,93.78
598,SATPOP,1993-04-01,95.12
599,SATPOP,1993-07-01,96.79
600,SATPOP,1993-10-01,98.28
601,SATPOP,1994-01-01,99.39
602,SATPOP,1994-04-01,99.88
603,SATPOP,1994-07-01,99.72
604,SATPOP,1994-10-01,98.52
605,SATPOP,1995-01-01,100.00
606,SATPOP,1995-04-01,102.01
607,SATPOP,1995-07-01,103.66
608,SATPOP,1995-10-01,104.24
609,SATPOP,1996-01-01,105.43
610,SATPOP,1996-04-01,103.75
611,SATPOP,1996-07-01,102.19
612,SATPOP,1996-10-01,102.86
613,SATPOP,1997-01-01,103.59
614,SATPOP,1997-04-01,103.03
615,SATPOP,1997-07-01,104.34
616,SATPOP,1997-10-01,105.36
617,SATPOP,1998-01-01,107.26
618,SATPOP,1998-04-01,107.3
619,SATPOP,1998-07-01,108.31
620,SATPOP,1998-10-01,108.7
621,SATPOP,1999-01-01,109.4
622,SATPOP,1999-04-01,110.14
623,SATPOP,1999-07-01,111.4
624,SATPOP,1999-10-01,111.8
625,SATPOP,2000-01-01,113.05
626,SATPOP,2000-04-01,114.13
627,SATPOP,2000-07-01,114.25
628,SATPOP,2000-10-01,116.85
629,SATPOP,2001-01-01,119.16
630,SATPOP,2001-04-01,120.06
631,SATPOP,2001-07-01,120.93
632,SATPOP,2001-10-01,122.66
633,SATPOP,2002-01-01,123.76
634,SATPOP,2002-04-01,124.66
635,SATPOP,2002-07-01,126.4
636,SATPOP,2002-10-01,127.58
637,SATPOP,2003-01-01,128.82
638,SATPOP,2003-04-01,131.29
639,SATPOP,2003-07-01,131.23
640,SATPOP,2003-10-01,133.57
641,SATPOP,2004-01-01,133.83
642,SATPOP,2004-04-01,135.75
643,SATPOP,2004-07-01,139.26
644,SATPOP,2004-10-01,139.43
645,SATPOP,2005-01-01,141.78
646,SATPOP,2005-04-01,146.04
647,SATPOP,2005-07-01,148.46
648,SATPOP,2005-10-01,152.2
649,SATPOP,2006-01-01,154.55
650,SATPOP,2006-04-01,157.75
651,SATPOP,2006-07-01,161.24
652,SATPOP,2006-10-01,164.03
653,SATPOP,2007-01-01,168.53
654,SATPOP,2007-04-01,170.75
655,SATPOP,2007-07-01,172.12
656,SATPOP,2007-10-01,173.84
657,SATPOP,2008-01-01,173.54
658,SATPOP,2008-04-01,174.28
659,SATPOP,2008-07-01,172.13
660,SATPOP,2008-10-01,170.69
661,SATPOP,2009-01-01,175.27
662,SATPOP,2009-04-01,174.72
663,SATPOP,2009-07-01,172.13
664,SATPOP,2009-10-01,170.9
665,SATPOP,2010-01-01,169.8
666,SATPOP,2010-04-01,168.07
667,SATPOP,2010-07-01,170.22
668,SATPOP,2010-10-01,171.85
669,SATPOP,2011-01-01,169.74
670,SATPOP,2011-04-01,169.65
671,SATPOP,2011-07-01,170.45
672,SATPOP,2011-10-01,169.64
673,SATPOP,2012-01-01,169.78
674,SATPOP,2012-04-01,172.72
675,SATPOP,2012-07-01,171.7
676,SATPOP,2012-10-01,175.35
677,SATPOP,2013-01-01,174.16
678,SATPOP,2013-04-01,175.58
679,SATPOP,2013-07-01,176.68
680,SATPOP,2013-10-01,179.5
681,SATPOP,2014-01-01,182.27
682,SATPOP,2014-04-01,184.72
683,SATPOP,2014-07-01,189.48
684,SATPOP,2014-10-01,190.05
685,SATPOP,2015-01-01,194.08
686,SATPOP,2015-04-01,199.72
687,SATPOP,2015-07-01,203.14
688,SATPOP,2015-10-01,202.36
689,SATPOP,2016-01-01,207.88
690,SATPOP,2016-04-01,210
691,SATPOP,2016-07-01,215.62
692,SATPOP,2016-10-01,217.29
693,SATPOP,2017-01-01,220.06
694,SATPOP,2017-04-01,225.97
695,SATPOP,2017-07-01,228.56
696,SATPOP,2017-10-01,231.66
697,SATPOP,2018-01-01,232.35
698,SATPOP,2018-04-01,238.37
699,SATPOP,2018-07-01,241.53
700,SATPOP,2018-10-01,244.95
701,SATPOP,2019-01-01,247.21
702,SATPOP,2019-04-01,252.16
703,SATPOP,2019-07-01,256.59
704,SATPOP,2019-10-01,257.61
705,SATPOP,2020-01-01,261.22
706,SATPOP,2020-04-01,262.36
707,SATPOP,2020-07-01,266.63
708,SATPOP,2020-10-01,273.08
709,SATPOP,2021-01-01,278.38
710,SATPOP,2021-04-01,290.55
711,ELPPOP,1981-04-01,73.23
712,ELPPOP,1981-07-01,72.22
713,ELPPOP,1981-10-01,78.82
714,ELPPOP,1982-01-01,75.23
715,ELPPOP,1982-04-01,75.91
716,ELPPOP,1982-07-01,75.46
717,ELPPOP,1982-10-01,80.94
718,ELPPOP,1983-01-01,80.2
719,ELPPOP,1983-04-01,81.42
720,ELPPOP,1983-07-01,85.22
721,ELPPOP,1983-10-01,88.78
722,ELPPOP,1984-01-01,80.17
723,ELPPOP,1984-04-01,87.08
724,ELPPOP,1984-07-01,88.69
725,ELPPOP,1984-10-01,88.01
726,ELPPOP,1985-01-01,87.6
727,ELPPOP,1985-04-01,85.53
728,ELPPOP,1985-07-01,84.22
729,ELPPOP,1985-10-01,84.99
730,ELPPOP,1986-01-01,86.48
731,ELPPOP,1986-04-01,87.67
732,ELPPOP,1986-07-01,88.98
733,ELPPOP,1986-10-01,87.77
734,ELPPOP,1987-01-01,89.07
735,ELPPOP,1987-04-01,89.67
736,ELPPOP,1987-07-01,87.83
737,ELPPOP,1987-10-01,85.46
738,ELPPOP,1988-01-01,84.83
739,ELPPOP,1988-04-01,85.1
740,ELPPOP,1988-07-01,86.06
741,ELPPOP,1988-10-01,87.17
742,ELPPOP,1989-01-01,86.25
743,ELPPOP,1989-04-01,86.61
744,ELPPOP,1989-07-01,88.54
745,ELPPOP,1989-10-01,88.96
746,ELPPOP,1990-01-01,88.05
747,ELPPOP,1990-04-01,89.56
748,ELPPOP,1990-07-01,88.84
749,ELPPOP,1990-10-01,89.22
750,ELPPOP,1991-01-01,89.81
751,ELPPOP,1991-04-01,91.11
752,ELPPOP,1991-07-01,89.81
753,ELPPOP,1991-10-01,92.35
754,ELPPOP,1992-01-01,93.3
755,ELPPOP,1992-04-01,92.93
756,ELPPOP,1992-07-01,94.09
757,ELPPOP,1992-10-01,95.26
758,ELPPOP,1993-01-01,95.56
759,ELPPOP,1993-04-01,97.4
760,ELPPOP,1993-07-01,97.76
761,ELPPOP,1993-10-01,99.01
762,ELPPOP,1994-01-01,99.58
763,ELPPOP,1994-04-01,98.9
764,ELPPOP,1994-07-01,99.99
765,ELPPOP,1994-10-01,99.55
766,ELPPOP,1995-01-01,100.00
767,ELPPOP,1995-04-01,101.42
768,ELPPOP,1995-07-01,102.44
769,ELPPOP,1995-10-01,103.03
770,ELPPOP,1996-01-01,103.66
771,ELPPOP,1996-04-01,102.79
772,ELPPOP,1996-07-01,99.54
773,ELPPOP,1996-10-01,99.59
774,ELPPOP,1997-01-01,101.7
775,ELPPOP,1997-04-01,100.79
776,ELPPOP,1997-07-01,100.32
777,ELPPOP,1997-10-01,101.87
778,ELPPOP,1998-01-01,104.06
779,ELPPOP,1998-04-01,101.97
780,ELPPOP,1998-07-01,102.43
781,ELPPOP,1998-10-01,104
782,ELPPOP,1999-01-01,106.2
783,ELPPOP,1999-04-01,104.97
784,ELPPOP,1999-07-01,105.5
785,ELPPOP,1999-10-01,104.14
786,ELPPOP,2000-01-01,104.07
787,ELPPOP,2000-04-01,105.67
788,ELPPOP,2000-07-01,105.75
789,ELPPOP,2000-10-01,106.59
790,ELPPOP,2001-01-01,109.28
791,ELPPOP,2001-04-01,109.96
792,ELPPOP,2001-07-01,110.86
793,ELPPOP,2001-10-01,112.45
794,ELPPOP,2002-01-01,111.31
795,ELPPOP,2002-04-01,112.82
796,ELPPOP,2002-07-01,113.67
797,ELPPOP,2002-10-01,116.52
798,ELPPOP,2003-01-01,117.94
799,ELPPOP,2003-04-01,118.72
800,ELPPOP,2003-07-01,119.46
801,ELPPOP,2003-10-01,121.15
802,ELPPOP,2004-01-01,123.48
803,ELPPOP,2004-04-01,123.99
804,ELPPOP,2004-07-01,125.98
805,ELPPOP,2004-10-01,127.28
806,ELPPOP,2005-01-01,130.25
807,ELPPOP,2005-04-01,134.03
808,ELPPOP,2005-07-01,138.9
809,ELPPOP,2005-10-01,143.42
810,ELPPOP,2006-01-01,149.62
811,ELPPOP,2006-04-01,155.22
812,ELPPOP,2006-07-01,160.7
813,ELPPOP,2006-10-01,164.33
814,ELPPOP,2007-01-01,167.43
815,ELPPOP,2007-04-01,171.49
816,ELPPOP,2007-07-01,172.79
817,ELPPOP,2007-10-01,173.02
818,ELPPOP,2008-01-01,175.36
819,ELPPOP,2008-04-01,173.36
820,ELPPOP,2008-07-01,171
821,ELPPOP,2008-10-01,170.41
822,ELPPOP,2009-01-01,171.57
823,ELPPOP,2009-04-01,170.23
824,ELPPOP,2009-07-01,167.68
825,ELPPOP,2009-10-01,165.42
826,ELPPOP,2010-01-01,163.33
827,ELPPOP,2010-04-01,165.44
828,ELPPOP,2010-07-01,164.55
829,ELPPOP,2010-10-01,166.02
830,ELPPOP,2011-01-01,164.65
831,ELPPOP,2011-04-01,163.14
832,ELPPOP,2011-07-01,161.56
833,ELPPOP,2011-10-01,162.68
834,ELPPOP,2012-01-01,160.98
835,ELPPOP,2012-04-01,160.75
836,ELPPOP,2012-07-01,161.59
837,ELPPOP,2012-10-01,160.75
838,ELPPOP,2013-01-01,161.49
839,ELPPOP,2013-04-01,162.19
840,ELPPOP,2013-07-01,162.82
841,ELPPOP,2013-10-01,160.98
842,ELPPOP,2014-01-01,161.46
843,ELPPOP,2014-04-01,161.45
844,ELPPOP,2014-07-01,163.12
845,ELPPOP,2014-10-01,163.09
846,ELPPOP,2015-01-01,162.99
847,ELPPOP,2015-04-01,162.98
848,ELPPOP,2015-07-01,164.54
849,ELPPOP,2015-10-01,166.39
850,ELPPOP,2016-01-01,164.11
851,ELPPOP,2016-04-01,166.17
852,ELPPOP,2016-07-01,167.03
853,ELPPOP,2016-10-01,166.54
854,ELPPOP,2017-01-01,168.93
855,ELPPOP,2017-04-01,168.62
856,ELPPOP,2017-07-01,171.6
857,ELPPOP,2017-10-01,175.76
858,ELPPOP,2018-01-01,172.81
859,ELPPOP,2018-04-01,175.11
860,ELPPOP,2018-07-01,177.63
861,ELPPOP,2018-10-01,177.3
862,ELPPOP,2019-01-01,179.93
863,ELPPOP,2019-04-01,182.26
864,ELPPOP,2019-07-01,183.77
865,ELPPOP,2019-10-01,185.39
866,ELPPOP,2020-01-01,188.6
867,ELPPOP,2020-04-01,188.29
868,ELPPOP,2020-07-01,193.81
869,ELPPOP,2020-10-01,196.18
870,ELPPOP,2021-01-01,204.1
871,ELPPOP,2021-04-01,209.95
872,MCLPOP,1987-01-01,89.49
873,MCLPOP,1987-04-01,86.27
874,MCLPOP,1987-07-01,85.26
875,MCLPOP,1987-10-01,78.61
876,MCLPOP,1988-01-01,81.61
877,MCLPOP,1988-04-01,84.27
878,MCLPOP,1988-07-01,81.2
879,MCLPOP,1988-10-01,86.9
880,MCLPOP,1989-01-01,80.05
881,MCLPOP,1989-04-01,70.12
882,MCLPOP,1989-07-01,88.63
883,MCLPOP,1989-10-01,84.44
884,MCLPOP,1990-01-01,83.34
885,MCLPOP,1990-04-01,84.75
886,MCLPOP,1990-07-01,84.7
887,MCLPOP,1990-10-01,82.82
888,MCLPOP,1991-01-01,86.31
889,MCLPOP,1991-04-01,87.26
890,MCLPOP,1991-07-01,87
891,MCLPOP,1991-10-01,90.13
892,MCLPOP,1992-01-01,89.46
893,MCLPOP,1992-04-01,89.5
894,MCLPOP,1992-07-01,91.81
895,MCLPOP,1992-10-01,92.23
896,MCLPOP,1993-01-01,93.72
897,MCLPOP,1993-04-01,95.07
898,MCLPOP,1993-07-01,96.18
899,MCLPOP,1993-10-01,96.65
900,MCLPOP,1994-01-01,98.89
901,MCLPOP,1994-04-01,98.87
902,MCLPOP,1994-07-01,100.23
903,MCLPOP,1994-10-01,99.59
904,MCLPOP,1995-01-01,100.00
905,MCLPOP,1995-04-01,101.4
906,MCLPOP,1995-07-01,101.19
907,MCLPOP,1995-10-01,102.73
908,MCLPOP,1996-01-01,103.99
909,MCLPOP,1996-04-01,103.94
910,MCLPOP,1996-07-01,101.51
911,MCLPOP,1996-10-01,100.68
912,MCLPOP,1997-01-01,100.35
913,MCLPOP,1997-04-01,100.81
914,MCLPOP,1997-07-01,102.24
915,MCLPOP,1997-10-01,103.1
916,MCLPOP,1998-01-01,101.62
917,MCLPOP,1998-04-01,104.4
918,MCLPOP,1998-07-01,105.36
919,MCLPOP,1998-10-01,104.05
920,MCLPOP,1999-01-01,105.3
921,MCLPOP,1999-04-01,106.59
922,MCLPOP,1999-07-01,104.6
923,MCLPOP,1999-10-01,107.44
924,MCLPOP,2000-01-01,107.06
925,MCLPOP,2000-04-01,109.36
926,MCLPOP,2000-07-01,109.53
927,MCLPOP,2000-10-01,108.23
928,MCLPOP,2001-01-01,112.21
929,MCLPOP,2001-04-01,112.59
930,MCLPOP,2001-07-01,113.96
931,MCLPOP,2001-10-01,115.37
932,MCLPOP,2002-01-01,116.05
933,MCLPOP,2002-04-01,117.73
934,MCLPOP,2002-07-01,118.12
935,MCLPOP,2002-10-01,120.65
936,MCLPOP,2003-01-01,121.81
937,MCLPOP,2003-04-01,123.23
938,MCLPOP,2003-07-01,123.8
939,MCLPOP,2003-10-01,123.83
940,MCLPOP,2004-01-01,126.4
941,MCLPOP,2004-04-01,127.72
942,MCLPOP,2004-07-01,129.79
943,MCLPOP,2004-10-01,130.72
944,MCLPOP,2005-01-01,130.32
945,MCLPOP,2005-04-01,133.71
946,MCLPOP,2005-07-01,135.01
947,MCLPOP,2005-10-01,137.51
948,MCLPOP,2006-01-01,138.4
949,MCLPOP,2006-04-01,140.09
950,MCLPOP,2006-07-01,140.58
951,MCLPOP,2006-10-01,145
952,MCLPOP,2007-01-01,143.22
953,MCLPOP,2007-04-01,147.01
954,MCLPOP,2007-07-01,147.68
955,MCLPOP,2007-10-01,148.84
956,MCLPOP,2008-01-01,146.64
957,MCLPOP,2008-04-01,148.74
958,MCLPOP,2008-07-01,148.94
959,MCLPOP,2008-10-01,145.22
960,MCLPOP,2009-01-01,148.32
961,MCLPOP,2009-04-01,147.46
962,MCLPOP,2009-07-01,146.96
963,MCLPOP,2009-10-01,146.42
964,MCLPOP,2010-01-01,142.09
965,MCLPOP,2010-04-01,144.44
966,MCLPOP,2010-07-01,145.28
967,MCLPOP,2010-10-01,142.71
968,MCLPOP,2011-01-01,142.95
969,MCLPOP,2011-04-01,139.62
970,MCLPOP,2011-07-01,146.29
971,MCLPOP,2011-10-01,141.33
972,MCLPOP,2012-01-01,142.99
973,MCLPOP,2012-04-01,143.39
974,MCLPOP,2012-07-01,143.91
975,MCLPOP,2012-10-01,143.67
976,MCLPOP,2013-01-01,142.01
977,MCLPOP,2013-04-01,143.2
978,MCLPOP,2013-07-01,141.36
979,MCLPOP,2013-10-01,143.9
980,MCLPOP,2014-01-01,145.85
981,MCLPOP,2014-04-01,147.2
982,MCLPOP,2014-07-01,148.14
983,MCLPOP,2014-10-01,151.97
984,MCLPOP,2015-01-01,149.39
985,MCLPOP,2015-04-01,152.94
986,MCLPOP,2015-07-01,151.86
987,MCLPOP,2015-10-01,154.44
988,MCLPOP,2016-01-01,153.37
989,MCLPOP,2016-04-01,158.04
990,MCLPOP,2016-07-01,158.37
991,MCLPOP,2016-10-01,163.54
992,MCLPOP,2017-01-01,162.28
993,MCLPOP,2017-04-01,161.7
994,MCLPOP,2017-07-01,164.61
995,MCLPOP,2017-10-01,162.5
996,MCLPOP,2018-01-01,169.47
997,MCLPOP,2018-04-01,170.86
998,MCLPOP,2018-07-01,167.69
999,MCLPOP,2018-10-01,172.07
1000,MCLPOP,2019-01-01,175.67
1001,MCLPOP,2019-04-01,173.92
1002,MCLPOP,2019-07-01,177.65
1003,MCLPOP,2019-10-01,181.43
1004,MCLPOP,2020-01-01,180.9
1005,MCLPOP,2020-04-01,183.96
1006,MCLPOP,2020-07-01,184.93
1007,MCLPOP,2020-10-01,188.03
1008,MCLPOP,2021-01-01,193.73
1009,MCLPOP,2021-04-01,198.28
